PVC_Nr,Batch,Subject,Sow,L_w,R_w,L_t,R_t,L_f,R_f,LI_w,z_score_w,bias_w,LI_f,z_score_f,bias_f,LI_t,z_score_t,bias_t,Test_Nr,elim_freq,expl_dur,expl_freq,head_invisible,jump_freq,knee_dur,knee_freq,locom_dur,locom_freq,no_expl_dur,no_expl_freq,stand_dur,stand_freq,OFT_voc_freq,sit_ly_freq,expl_obj_dur,expl_obj_freq,NOT_inter_voc_dur,lat_expl_obj_dur,no_expl_obj_dur,no_expl_obj_freq,chew_dur,chew_freq,expl_wob_dur,expl_wob_freq,freez_dur,freez_freq,BIBAGO_inter_voc_dur,expl_wob_lat,no_expl_wob_dur,no_expl_wob_freq,BIBAGO_voc_freq,wob_open
1,2,16,775,54,38,5,43,68,0,-0.173913043478261,-1.6681153124566,A,-1,-8.24621125123532,L,0.791666666666667,5.48482755730145,R,2,0,NA,NA,12.26,0,0,0,69.012,24,211.744,10,200.941,24,77,0,140.684,11,2.846,10.947,118.348,11,39.748,12,46.386,10,15.5,4,0,39.135,184.46,10,53,0
2,2,10,772,32,55,41,35,64,0,0.264367816091954,2.46585883012693,R,-1,-8,L,-0.0789473684210526,-0.688247201611685,A,2,4,117.426,12,0,0,0,0,109.826,26,152.552,11,160.122,27,22,0,31.344,7,53.584,11.733,226.26,7,66.246,20,99.427,10,2.898,1,151.33,28.533,142.021,10,8,0
3,2,12,772,38,40,74,0,0,65,0.0256410256410256,0.226455406828919,A,1,8.06225774829855,R,-1,-8.60232526704263,L,2,3,86.839,21,4.753,0,0,0,104.927,27,183.119,22,165.019,28,85,0,40.844,5,4.126,170.377,46.224,5,13.303,6,64.409,19,6.5,2,2.362,7.262,198.292,19,71,0
4,2,1,691,23,71,0,76,61,0,0.51063829787234,4.95082198204221,R,-1,-7.81024967590665,L,1,8.71779788708135,R,2,1,38.732,11,0,0,0,0,103.275,30,231.246,12,166.665,31,37,0,72.8,4,54.257,12.057,185.136,4,13.104,6,100.216,7,0,0,68.123,113.029,56.743,6,9,0
5,2,6,691,60,30,48,17,70,0,-0.333333333333333,-3.16227766016838,L,-1,-8.36660026534076,L,-0.476923076923077,-3.84507677226546,L,2,1,79.447,13,0,0,0,0,88.77,26,190.529,14,181.178,27,56,0,153.813,6,0.84,2.723,113.454,5,18.492,8,61.618,6,3.499,1,4.12,37.572,170.8,5,37,0
7,2,4,728,20,34,0,63,70,0,0.259259259259259,1.90515868883136,A,-1,-8.36660026534076,L,1,7.93725393319377,R,2,5,58.88,14,3.05,0,0,0,69.308,20,211.092,15,200.653,20,58,0,50.795,7,0.894,15.893,203.299,7,0,0,9.094,4,3.503,1,40.189,41.191,219.708,4,30,0
9,2,13,751,57,38,75,1,63,0,-0.2,-1.94935886896179,A,-1,-7.93725393319377,L,-0.973684210526316,-8.48838215321078,L,2,2,NA,NA,5.252,0,0,0,101.483,24,205.324,15,168.47,24,80,0,126.65,8,2.017,1.218,142.117,8,16.993,7,79.449,10,0,0,21.583,42.731,147.801,10,32,0
10,2,5,751,29,40,2,73,0,69,0.159420289855072,1.32424438394346,A,1,8.30662386291807,R,0.946666666666667,8.19837382249269,R,2,6,29.994,6,0,0,0,0,81.004,26,239.994,7,188.944,27,41,0,60.291,7,17.716,24.366,185.33,7,0,0,6.951,4,3.746,1,12.964,14.713,248.329,4,22,0
11,2,7,592,37,33,6,58,68,0,-0.0571428571428571,-0.478091443733757,A,-1,-8.24621125123532,L,0.8125,6.5,R,2,6,2.499,1,0,0,0,0,38.395,13,267.499,2,231.579,14,64,0,15.647,5,7.345,79.046,175.298,5,0,0,4.402,2,7.499,2,0,168.287,97.308,2,89,0
12,2,8,592,61,19,8,68,0,71,-0.525,-4.69574275274956,L,1,8.42614977317636,R,0.789473684210526,6.88247201611685,R,2,3,73.449,16,3.501,0,0,0,65.38,19,196.519,17,204.584,18,8,0,175.255,3,22.84,39.885,54.855,3,41.604,14,67.284,10,3.551,1,140.799,28.85,173.847,10,1,0
13,2,11,775,55,37,47,26,69,0,-0.195652173913043,-1.87662972651367,A,-1,-8.30662386291807,L,-0.287671232876712,-2.45786409111874,L,2,3,73.785,15,2.554,0,0,0,135.185,36,196.185,16,134.744,36,35,0,167.58,9,0.944,0.944,101.459,9,42.644,11,58.489,8,0,0,24.637,23.887,187.609,8,9,0
14,2,2,747,36,43,76,0,70,0,0.0886075949367089,0.787561530648217,A,-1,-8.36660026534076,L,-1,-8.71779788708135,L,2,7,38.936,9,0,0,0,0,67.591,15,231.047,9,202.379,16,45,0,60.192,7,10.829,1.325,208.47,7,35.497,14,78.955,11,0,0,104.756,12.652,178.372,11,49,0
15,2,14,747,40,37,68,6,0,68,-0.038961038961039,-0.341881729378914,A,1,8.24621125123532,R,-0.837837837837838,-7.2073536021168,L,2,1,109.404,20,4.503,0,0,0,64.968,18,160.556,21,204.997,18,14,0,55.328,11,270,0.7,213.951,11,20.301,9,41.583,11,3.495,1,0,31.704,196.692,11,31,0
18,2,3,680,26,65,39,33,0,67,0.428571428571429,4.08831086321548,R,1,8.18535277187245,R,-0.0833333333333333,-0.707106781186548,A,2,4,NA,NA,9.403,0,0,0,111.472,31,203.983,16,158.467,31,64,0,13.842,5,28.021,107.973,148.176,5,10.75,3,54.069,13,0,0,0,65.353,150.553,13,10,0
19,2,15,680,29,32,60,14,47,0,0.0491803278688525,0.384110639798688,A,-1,-6.85565460040104,L,-0.621621621621622,-5.34739138221569,L,2,5,32.69,8,4.75,0,0,0,70.368,20,237.294,9,199.592,21,23,0,49.996,10,10.656,22.357,197.628,10,8.554,2,4.501,3,3.497,1,109.182,89.728,175.766,3,23,0
21,2,9,770,29,45,49,0,69,0,0.216216216216216,1.85996221990111,A,-1,-8.30662386291807,L,-1,-7,L,2,2,79.03,17,0,0,0,0,126.468,28,190.936,18,143.478,27,82,0,45.099,8,9.922,13.272,211.614,8,32.205,11,69.277,10,0,0,4.536,10.441,190.263,10,76,0
7395,5,2,766,16,30,12,20,46,0,0.304347826086957,2.06418738616856,R,-1,-6.78232998312527,L,0.25,1.41421356237309,A,2,4,NA,NA,5.501,0,0,0,90.095,24,208.383,13,179.859,23,33,0,14.193,4,51.397,77.349,178.451,4,11.496,2,13.802,2,0,0,48.679,23.82,232.375,2,6,0
7641,1,2,672,17,75,15,60,0,70,0.630434782608696,6.04691800765517,R,1,8.36660026534076,R,0.6,5.19615242270663,R,2,7,87.094,10,0,0,0,0,60.783,18,182.886,11,209.181,19,23,0,71.645,6,77.79,11.338,187.006,6,69.027,15,115.53,15,0,0,4.722,2.272,152.169,15,9,0
7710,1,1,631,40,50,36,38,70,0,0.111111111111111,1.05409255338946,A,-1,-8.36660026534076,L,0.027027027027027,0.232495277487639,A,2,5,25.793,7,0,0,0,0,71.923,20,244.193,8,198.037,21,46,0,62.549,4,4.883,4.834,202.61,4,44.294,5,61.24,11,6.501,2,4.432,3.986,204.753,11,12,0
7712,1,14,713,32,39,0,76,0,75,0.0985915492957746,0.830747160735697,A,1,8.66025403784439,R,1,8.71779788708135,R,2,1,54.998,12,0,0,0,0,67.69,20,214.978,13,202.27,21,109,0,110.188,10,1.217,105.824,53.969,10,0,0,0,0,7.498,2,0,270,0,0,49,0
7765,1,13,721,28,40,77,0,0,72,0.176470588235294,1.455213750218,A,1,8.48528137423857,R,-1,-8.77496438739212,L,2,1,95.98,20,0,0,0,0,95.565,18,173.98,21,174.4,18,35,0,125.168,5,48.228,50.373,94.451,4,9.8,2,9.852,2,15.285,4,0,222.059,38.086,2,16,0
7773,5,17,757,36,31,4,26,0,41,-0.0746268656716418,-0.610847221781526,A,1,6.40312423743285,R,0.733333333333333,4.01663208837122,R,2,4,NA,NA,32.345,1,0,0,100.279,29,248.145,7,168.414,31,177,0,42.092,5,9.727,99.878,128.021,5,26.798,10,65.8,9,0,0,8.148,10.199,193.984,9,12,0
7804,1,15,693,37,47,65,0,0,76,0.119047619047619,1.09108945117996,A,1,8.71779788708135,R,-1,-8.06225774829855,L,2,4,24.65,4,0,0,0,0,54.451,17,245.343,4,215.515,18,37,0,72.637,11,2.529,5.277,192.065,11,16.26,4,65.066,17,24.295,6,34.259,112.16,92.741,17,39,0
7831,1,9,766,29,30,54,22,0,74,0.0169491525423729,0.130188910980824,A,1,8.60232526704263,R,-0.421052631578947,-3.67065174192899,L,2,7,60.196,12,0,0,0,0,55.442,14,209.78,13,214.53,15,65,0,58.658,3,1.049,2.546,208.791,3,43.459,13,47.384,10,7.249,2,7.478,136.433,86.164,10,65,0
7832,1,3,693,31,64,75,1,74,0,0.347368421052632,3.38572856188101,R,-1,-8.60232526704263,L,-0.973684210526316,-8.48838215321078,L,2,3,120.939,15,0,0,0,0,68.241,19,149.031,16,201.721,20,8,0,53.189,5,3.313,45.312,171.49,5,24.493,10,90.72,12,3.504,1,40.16,42.863,136.396,12,12,0
7834,1,12,656,45,36,70,5,75,0,-0.111111111111111,-1,A,-1,-8.66025403784439,L,-0.866666666666667,-7.50555349946513,L,2,5,131.895,13,0,0,0,0,40.174,10,138.079,14,229.807,10,0,0,132.153,6,270,11.159,126.677,6,30.641,7,80.783,11,9.649,2,44.889,9.99,179.206,11,4,0
7835,1,4,670,46,46,0,75,72,0,0,0,A,-1,-8.48528137423857,L,1,8.66025403784439,R,2,5,73.738,17,0,0,0,0,79.217,25,196.228,18,190.734,25,109,0,80.344,6,9.049,92.8,96.845,6,11.051,2,60.144,4,0,0,5.397,13.898,195.951,4,45,0
7848,5,14,766,17,34,29,3,0,61,0.333333333333333,2.38047614284762,R,1,7.81024967590665,R,-0.8125,-4.59619407771256,L,2,1,NA,NA,9.499,0,0,0,86.119,26,240.152,11,183.829,27,86,0,63.568,6,5.369,7.621,198.801,5,4.5,3,5.65,2,41.594,8,0,51.572,212.775,2,65,0
7865,1,7,685,43,34,76,1,74,0,-0.116883116883117,-1.02564518813674,A,-1,-8.60232526704263,L,-0.974025974025974,-8.54704323447285,L,2,4,11.298,4,0,0,0,0,61.357,16,258.694,5,208.611,17,92,0,0,0,4.496,270,0,0,NA,NA,NA,NA,NA,NA,NA,NA,NA,NA,NA,NA
7907,1,6,721,52,33,75,1,0,71,-0.223529411764706,-2.06083934927723,L,1,8.42614977317636,R,-0.973684210526316,-8.48838215321078,L,2,2,81.154,18,0,0,0,0,61.831,20,188.811,18,208.129,21,89,0,22.59,7,25.792,35.593,211.804,7,92.557,14,104.784,14,11.001,3,0.45,89.65,75.539,14,40,0
7910,5,1,783,40,31,13,18,0,62,-0.126760563380282,-1.06810349237447,A,1,7.87400787401181,R,0.161290322580645,0.898026510133875,A,2,5,NA,NA,14.591,0,0,0,81.715,20,210.747,10,188.245,21,60,0,5.554,3,2.886,22.283,242.158,3,0,0,6.243,5,13.953,4,1.894,66.094,197.654,5,152,0
7914,1,11,765,45,33,70,7,76,0,-0.153846153846154,-1.35873244097351,A,-1,-8.71779788708135,L,-0.818181818181818,-7.17951631695719,L,2,4,11.594,4,0,0,0,0,55.071,13,258.398,5,214.904,13,21,0,21.846,2,19.298,25.446,222.705,2,31.994,9,41.886,12,0,0,5.23,8.378,219.713,12,28,0
7961,1,5,718,12,35,0,0,73,0,0.48936170212766,3.35489480445157,R,-1,-8.54400374531753,L,NA,NA,NA,2,4,115.884,14,0,0,0,0,78.455,19,154.089,14,191.507,20,21,0,74.092,5,8.531,3.531,192.368,5,68.77,14,103.895,8,0,0,4.718,36.166,129.924,8,29,0
7962,1,16,673,69,21,71,5,0,72,-0.533333333333333,-5.05964425626941,L,1,8.48528137423857,R,-0.868421052631579,-7.57071921772854,L,2,7,45.329,10,0,0,0,0,61.286,14,224.652,10,208.686,15,21,0,14.597,4,20.817,6.065,249.331,4,30.203,9,85.098,6,0,0,5.403,8.051,176.84,6,8,0
7966,1,10,656,44,36,0,76,0,73,-0.1,-0.894427190999916,A,1,8.54400374531753,R,1,8.71779788708135,R,2,4,81.035,19,0,0,0,0,73.857,14,188.927,20,196.115,15,30,0,101.242,8,35.031,11.278,147.715,8,45.707,11,81.988,10,0,0,171.12,5.469,182.524,10,2,0
7986,1,8,685,25,69,74,2,0,76,0.468085106382979,4.53825348353869,R,1,8.71779788708135,R,-0.947368421052632,-8.25896641934022,L,2,3,35.178,9,0,0,0,0,67.458,17,234.804,10,202.509,17,38,0,108.295,6,3.401,9.648,152.046,6,61.004,18,68.549,3,0,0,1.976,4.624,73.803,2,27,1
8515,6,12,772,17,16,49,3,68,0,-0.0303030303030303,-0.174077655955698,A,-1,-8.24621125123532,L,-0.884615384615385,-6.37905225659014,L,2,3,NA,NA,14.001,0,0,0,100.495,29,186.301,14,169.448,29,46,0,155.996,4,5.122,3.87,110.127,4,0,0,3.902,3,0,0,6.686,167.338,98.757,3,53,0
8530,6,9,775,27,50,75,2,0,71,0.298701298701299,2.62109325857167,R,1,8.42614977317636,R,-0.948051948051948,-8.31912208155357,L,2,3,NA,NA,46.511,0,0.999,1,145.661,43,239.788,8,123.252,45,234,0,88.021,14,7.216,5.118,176.834,14,69.598,23,80.685,6,3.502,1,0,11.647,58.106,5,32,1
8548,6,2,804,10,67,61,14,76,0,0.74025974025974,6.49575285819936,R,-1,-8.71779788708135,L,-0.626666666666667,-5.42709253038248,L,2,3,0,0,2.439,0,0,0,44.748,10,270,1,225.232,11,37,0,98.725,7,11.635,0.001,171.261,7,0,0,3.5,4,7.532,2,0,17.764,248.729,4,162,0
8564,6,7,776,NA,NA,0,73,NA,NA,NA,NA,NA,NA,NA,NA,1,8.54400374531753,R,NA,NA,NA,NA,NA,NA,NA,NA,NA,NA,NA,NA,NA,NA,NA,NA,NA,NA,NA,NA,NA,NA,NA,NA,NA,NA,NA,NA,NA,NA,NA,NA,NA,NA
8565,4,16,733,56,15,67,12,0,72,-0.577464788732394,-4.8658047985948,L,1,8.48528137423857,R,-0.69620253164557,-6.18798345509313,L,2,3,0,0,0,0,0,0,37.593,12,270,1,232.384,12,45,0,0,0,13.042,270,0,0,0,0,4.298,1,67.043,12,0,221.655,44.046,1,110,0
8572,6,3,804,43,48,24,52,69,0,0.0549450549450549,0.524142418360959,A,-1,-8.30662386291807,L,0.368421052631579,3.21182027418786,R,2,4,15.74,6,4.003,0,0,0,72.568,18,254.248,7,197.396,19,93,0,230.145,5,6.048,0.001,39.845,5,5.501,4,35.048,6,26.997,6,7.525,23.475,168.475,5,64,0
8575,4,8,774,25,29,79,0,12,60,0.0740740740740741,0.544331053951817,A,0.666666666666667,5.65685424949238,R,-1,-8.88819441731559,L,2,4,46.07,7,0,0,0,0,59.195,17,223.916,8,210.771,18,95,0,94.83,8,31.07,32.122,143.033,8,NA,NA,33.997,9,31.802,7,5.156,4.206,231.78,9,63,0
8587,4,13,588,13,18,49,27,0,70,0.161290322580645,0.898026510133875,A,1,8.36660026534076,R,-0.289473684210526,-2.52357307257618,L,2,1,NA,NA,7.494,0,0,0,81.224,21,136.499,13,188.734,22,28,0,30.543,6,23.886,12.339,227.107,6,0,0,1.9,2,7.018,2,0,68.784,199.313,2,92,0
8590,4,10,784,37,38,0,79,70,0,0.0133333333333333,0.115470053837925,A,-1,-8.36660026534076,L,1,8.88819441731559,R,2,4,NA,NA,23.748,0,0,0,65.941,24,241.741,10,204.011,25,75,0,53.088,12,10.201,21.857,195.033,12,0,0,0.601,2,13.249,4,0,178.439,90.957,2,55,0
8596,6,14,810,29,13,77,0,70,0,-0.380952380952381,-2.46885359939347,L,-1,-8.36660026534076,L,-1,-8.77496438739212,L,2,4,NA,NA,15.995,0,0,0,96.577,27,236.489,8,172.87,27,74,0,83.789,6,8.603,1.804,184.396,6,33.202,13,39.444,6,10.652,2,0,93.351,137.194,6,37,0
8612,4,9,781,43,44,0,52,67,0,0.0114942528735632,0.107211253483779,A,-1,-8.18535277187245,L,1,7.21110255092798,R,2,3,122.919,18,0,0,0,0,90.498,28,147.045,19,179.446,29,33,0,58.892,7,21.17,8.67,202.427,7,5.907,2,17.642,6,19.737,5,5.868,8.669,243.678,6,51,0
8620,4,7,774,27,63,NA,NA,0,74,0.4,3.79473319220206,R,1,8.60232526704263,R,NA,NA,NA,2,6,73.241,15,3.497,0,0,0,58.027,14,196.729,16,211.945,15,22,0,12.001,3,22.098,33.699,224.295,3,7.819,4,93.439,13,4.252,1,16.657,24.607,151.929,13,22,0
8623,6,11,775,39,48,7,5,69,0,0.103448275862069,0.964901281354015,A,-1,-8.30662386291807,L,NA,NA,NA,2,4,NA,NA,19.746,0,0,0,88.586,17,227.288,11,181.38,18,15,0,76.086,7,8.559,3.056,190.846,6,49.868,13,105.137,13,10.756,3,0,6.026,158.814,13,13,0
8641,4,4,739,35,43,78,0,72,0,0.102564102564103,0.905821627315677,A,-1,-8.48528137423857,L,-1,-8.83176086632785,L,2,2,NA,NA,13.499,0,0,0,85.96,32,256.793,5,183.976,33,59,0,4.688,5,14.419,1.178,264.125,5,0,0,37.297,7,21.449,6,0,46.866,185.824,7,71,0
8646,4,11,781,19,37,0,64,73,0,0.321428571428571,2.40535117721182,R,-1,-8.54400374531753,L,1,8,R,2,3,NA,NA,7.196,0,0,0,41.741,14,165.639,16,228.231,15,35,0,60.137,8,24.604,112.054,97.795,7,0,0,16.287,5,11.995,3,0.624,32.278,221.426,5,108,0
8653,6,4,728,17,7,42,33,0,75,NA,NA,NA,1,8.66025403784439,R,-0.12,-1.03923048454133,A,2,2,NA,NA,14.755,0,0,0,54.839,23,256.449,4,215.115,24,84,0,35.897,4,3.077,2.827,231.269,4,0,0,5.994,6,27.761,7,18.712,29.904,234.091,6,69,0
8670,4,5,743,51,12,31,48,0,74,-0.619047619047619,-4.91353814911995,L,1,8.60232526704263,R,0.215189873417722,1.91264943157424,A,2,7,NA,NA,32.253,0,0,0,76.087,28,252.742,7,193.859,27,72,0,1.001,1,20.023,252.029,16.969,1,0,0,0.848,2,3.748,1,0,12.244,256.905,2,126,0
8672,6,8,813,30,51,35,42,0,70,0.259259259259259,2.33333333333333,R,1,8.36660026534076,R,0.0909090909090909,0.797724035217466,A,2,5,NA,NA,18.495,0,0,0,54.08,14,113.68,15,215.894,13,38,0,89.688,4,20.35,24.354,155.952,3,34.928,11,72.339,9,4.501,1,3.402,4.951,192.694,8,17,0
8696,4,14,743,13,77,78,1,74,0,0.711111111111111,6.74619234169254,R,-1,-8.60232526704263,L,-0.974683544303797,-8.66317683713038,L,2,0,NA,NA,22.152,0,0,0,112.972,30,181.433,20,156.968,31,135,0,109.793,6,4.774,34.626,125.57,6,6.805,3,90.141,7,0,0,2.407,14.459,165.387,7,43,0
8706,4,6,588,32,54,13,47,0,74,0.255813953488372,2.37232101047565,R,1,8.60232526704263,R,0.566666666666667,4.38938112570174,R,2,0,NA,NA,7.253,0,0,0,87.964,30,247.945,7,181.976,31,71,0,1.494,2,2.96,232.363,36.14,2,2.75,2,31.645,8,7.098,2,0,8.952,229.388,8,56,0
8712,4,3,746,29,35,2,77,0,71,0.09375,0.75,A,1,8.42614977317636,R,0.949367088607595,8.43815925694518,R,2,2,24.691,8,2.499,0,0,0,74.089,23,244.444,9,195.865,24,87,0,0,0,3.078,270,0,0,NA,NA,NA,NA,NA,NA,NA,NA,NA,NA,NA,NA
8745,4,2,746,19,63,73,6,76,0,0.536585365853659,4.85898714729325,R,-1,-8.71779788708135,L,-0.848101265822785,-7.53808893620436,L,2,3,NA,NA,7.003,0,3.997,1,58.481,12,223.474,13,207.497,13,28,0,79.048,5,52.796,112.7,78.243,5,6.746,3,95.455,7,7.253,2,27.384,34.583,139.949,7,6,0
8803,5,5,783,24,17,3,29,18,37,-0.170731707317073,-1.09321633322024,A,0.345454545454545,2.56195947736032,R,0.8125,4.59619407771256,R,2,3,NA,NA,6.903,0,0,0,86.112,27,171.581,17,183.835,27,28,0,27.393,3,20.853,5.206,236.046,3,20.493,8,109.35,6,18.892,4,6.284,28.289,132.35,6,5,0
8828,4,15,762,42,52,1,78,73,0,0.106382978723404,1.03142124625879,A,-1,-8.54400374531753,L,0.974683544303797,8.66317683713038,R,2,3,NA,NA,13.501,0,6.493,3,92.793,24,145.57,20,170.661,27,92,0,120.347,8,57.17,3.921,145.717,8,32.197,9,127.065,10,4.251,1,135.455,32.154,71.168,9,8,1
8831,4,1,733,50,42,78,1,72,0,-0.0869565217391304,-0.834057656228299,A,-1,-8.48528137423857,L,-0.974683544303797,-8.66317683713038,L,2,5,NA,NA,18.503,0,0,0,46.98,16,267.752,2,222.988,17,89,0,28.892,5,27.223,123.93,117.169,5,0,0,4.353,2,22.597,6,0,45.165,220.479,2,68,0
8938,4,12,784,15,56,73,3,0,66,0.577464788732394,4.8658047985948,R,1,8.12403840463596,R,-0.921052631578947,-8.02955068546966,L,2,4,46.355,8,2.252,0,0,0,83.267,24,223.63,8,186.686,24,39,0,73.39,10,6.874,7.976,188.615,10,7.764,5,129.343,11,12.75,3,92.082,2.68,137.956,11,7,0
8971,6,6,806,26,33,3,72,71,0,0.11864406779661,0.911322376865767,A,-1,-8.42614977317636,L,0.92,7.96743371481683,R,2,4,108.991,7,0,0,0,0,45.303,11,160.995,8,224.676,11,51,0,46.334,6,6.311,17.112,206.543,6,56.466,20,85.766,16,3.004,1,0.441,99.592,84.611,16,37,0
9014,5,3,793,28,42,31,1,5,52,0.2,1.67332005306815,A,0.824561403508772,6.22530207820571,R,-0.9375,-5.30330085889911,L,2,0,NA,NA,17.002,0,9.988,3,120.651,30,216.893,16,139.296,33,223,0,5.147,5,1.844,31.849,232.995,5,2.254,1,49.685,13,3.499,1,0,63.907,156.383,13,232,0
9027,5,6,795,11,19,24,7,37,20,0.266666666666667,1.46059348668044,A,-0.298245614035088,-2.25170500701057,L,-0.548387096774194,-3.05329013445517,L,2,3,102.967,15,0,0,0,0,85.133,24,167.003,16,184.821,23,4,0,241.436,5,268.897,9.692,18.863,5,10.845,2,8.044,4,23.456,5,45.707,81.656,180.293,4,19,0
9028,6,18,813,30,25,74,0,0,71,-0.0909090909090909,-0.674199862463242,A,1,8.42614977317636,R,-1,-8.60232526704263,L,2,3,NA,NA,29.251,0,0,0,75.98,26,165.385,13,193.968,27,46,0,85.924,4,8.396,47.148,136.921,4,19.198,9,56.291,16,4.249,1,0,22.892,188.538,15,59,0
9036,5,15,793,33,35,6,25,53,0,0.0294117647058824,0.242535625036333,A,-1,-7.28010988928052,L,0.612903225806452,3.41250073850872,R,2,3,NA,NA,10.004,0,0,0,92.083,24,210.973,13,177.87,24,64,0,23.649,3,15.324,82.976,163.37,3,31.377,16,104.551,15,9.996,3,0,11.064,154.356,15,31,0
9043,5,16,757,36,35,0,32,61,0,-0.0140845070422535,-0.118678165819385,A,-1,-7.81024967590665,L,1,5.65685424949238,R,2,4,29.64,8,0,0,0,0,57.484,18,240.345,8,212.48,19,56,0,13.248,5,5.39,15.736,241.007,5,31.937,10,118.201,8,3.999,1,48.374,12.427,116.61,8,30,0
9069,5,9,801,30,32,6,0,56,0,0.032258064516129,0.254000254000381,A,-1,-7.48331477354788,L,NA,NA,NA,2,4,NA,NA,15.574,1,0,0,78.3,32,225.24,13,191.637,32,20,0,45.498,8,12.902,6.498,217.989,8,24.949,8,48.492,11,15.754,4,18.706,65.108,156.379,11,19,0
9080,5,12,800,11,23,24,8,0,57,0.352941176470588,2.05798302171011,R,1,7.54983443527075,R,-0.5,-2.82842712474619,L,2,4,63.248,11,0,0,0,0,82.426,27,206.73,12,187.521,27,30,0,61.182,8,2.478,10.176,198.627,8,0,0,0,0,34.401,7,31.218,270,0,0,24,0
9089,6,13,806,23,51,73,4,65,0,0.378378378378378,3.25493388482694,R,-1,-8.06225774829855,L,-0.896103896103896,-7.86327977571502,L,2,4,NA,NA,5.249,0,0,0,68.986,15,216.488,10,200.984,16,27,0,69.956,10,13.412,32.66,167.074,10,4.999,2,106.642,10,4.146,1,4.882,9.232,154.107,10,30,0
9095,5,11,801,30,13,21,10,61,0,-0.395348837209302,-2.59247569565428,L,-1,-7.81024967590665,L,-0.354838709677419,-1.97565832229452,L,2,6,NA,NA,14.047,0,0,0,45.747,19,156.838,16,224.216,19,11,0,78.491,7,60.503,37.95,153.547,6,53.55,19,78.537,14,0,0,198.737,28.783,162.653,14,3,0
9100,6,10,772,11,5,34,31,0,65,NA,NA,NA,1,8.06225774829855,R,-0.0461538461538462,-0.372104203767625,A,2,3,NA,NA,39.053,0,0,0,59.325,17,183.037,12,210.641,18,38,0,127.636,7,10.628,16.079,126.272,7,14.5,4,7.345,2,7.248,2,29.184,138.537,124.115,2,16,0
9110,5,7,797,34,18,21,8,57,0,-0.307692307692308,-2.21880078490092,L,-1,-7.54983443527075,L,-0.448275862068966,-2.41403939630167,L,2,6,NA,NA,12.251,0,0,0,67.51,22,229.14,13,202.446,23,32,0,7.241,3,25.456,58.557,204.197,3,11.003,4,46.399,7,4.752,1,6.207,48.304,175.284,7,40,0
9112,5,18,672,NA,NA,29,3,NA,NA,NA,NA,NA,NA,NA,NA,-0.8125,-4.59619407771256,L,NA,NA,NA,NA,NA,NA,NA,NA,NA,NA,NA,NA,NA,NA,NA,NA,NA,NA,NA,NA,NA,NA,NA,NA,NA,NA,NA,NA,NA,NA,NA,NA,NA,NA
9130,5,13,795,20,23,10,13,56,0,0.0697674418604651,0.457495710997814,A,-1,-7.48331477354788,L,NA,NA,NA,2,4,NA,NA,20.203,0,0,0,77.389,25,233.51,11,192.561,26,50,0,36.141,6,10.15,4.151,229.697,6,0,0,0,0,3.999,1,0,270,0,0,81,0
9133,5,4,672,51,28,0,29,0,61,-0.291139240506329,-2.58770217212985,L,1,7.81024967590665,R,1,5.3851648071345,R,2,4,NA,NA,28.056,6,0,0,110.756,34,258.896,6,152.658,41,68,0,23.637,10,11.879,2.382,243.962,10,11.35,5,150.688,23,0,0,4.609,3.459,115.808,23,13,0
9135,6,15,809,50,40,67,6,0,68,-0.111111111111111,-1.05409255338946,A,1,8.24621125123532,R,-0.835616438356164,-7.13950997896397,L,2,1,NA,NA,12.501,0,0,0,63.535,23,231.37,12,206.419,24,37,0,116.846,11,0.689,1.34,151.794,10,6.749,4,24.049,1,3.201,1,0,4.837,0,0,46,1
9166,6,5,810,4,30,42,28,71,0,0.764705882352941,4.45896321370523,R,-1,-8.42614977317636,L,-0.2,-1.67332005306815,A,2,2,NA,NA,39.899,2,0,0,86.12,27,254.853,6,181.579,30,67,0,89.087,12,1.42,3.02,177.87,12,0,0,2.862,3,7.249,2,2.473,24.322,242.811,3,38,0
9172,5,10,798,NA,NA,31,0,NA,NA,NA,NA,NA,NA,NA,NA,-1,-5.56776436283002,L,NA,NA,NA,NA,NA,NA,NA,NA,NA,NA,NA,NA,NA,NA,NA,NA,NA,NA,NA,NA,NA,NA,NA,NA,NA,NA,NA,NA,NA,NA,NA,NA,NA,NA
9180,6,16,808,68,25,10,66,71,0,-0.462365591397849,-4.45889228734083,L,-1,-8.42614977317636,L,0.736842105263158,6.42364054837573,R,2,4,28.29,7,0,0,0,0,144.073,34,241.696,8,125.86,34,65,0,13.041,6,25.272,30.372,226.576,6,14.239,7,133.685,12,3.249,1,87.38,4.682,131.61,12,19,0
9233,6,1,808,27,28,2,73,0,73,0.0181818181818182,0.134839972492648,A,1,8.54400374531753,R,0.946666666666667,8.19837382249269,R,2,3,NA,NA,98.276,1,0,0,86.074,27,239.501,9,183.621,28,261,0,110.599,10,6.633,13.234,146.148,10,44.358,10,23.333,7,27.901,6,0,69.127,177.527,7,23,0
9238,5,8,797,19,44,30,0,0,54,0.396825396825397,3.14970394174356,R,1,7.34846922834953,R,-1,-5.47722557505166,L,2,4,NA,NA,32.495,0,0,0,64.58,17,242.494,6,205.387,17,36,0,31.588,7,62.641,63.442,174.957,7,7.246,2,87.597,17,0,0,3.142,66.697,115.673,17,4,0
